-- Users
INSERT INTO Users (FullName, Email, PhoneNumber) VALUES ('Ananya Mehta', 'ananya@example.com', '9876543210');
INSERT INTO Users (FullName, Email, PhoneNumber) VALUES ('Ravi Kumar', 'ravi@example.com', '9123456780');
INSERT INTO Users (FullName, Email, PhoneNumber) VALUES ('Meera Shah', 'meera@example.com', '9321456780');
INSERT INTO Users (FullName, Email, PhoneNumber) VALUES ('Aditya Jain', 'aditya@example.com', '9887654321');
INSERT INTO Users (FullName, Email, PhoneNumber) VALUES ('Priya Singh', 'priya@example.com', '9988776655');
INSERT INTO Users (FullName, Email, PhoneNumber) VALUES ('Rahul Verma', 'rahul@example.com', '9765432109');
INSERT INTO Users (FullName, Email, PhoneNumber) VALUES ('Ishita Rao', 'ishita@example.com', '9845612370');
INSERT INTO Users (FullName, Email, PhoneNumber) VALUES ('Kunal Patel', 'kunal@example.com', '9687456231');
INSERT INTO Users (FullName, Email, PhoneNumber) VALUES ('Sneha Kapoor', 'sneha@example.com', '9786543214');
INSERT INTO Users (FullName, Email, PhoneNumber) VALUES ('Arjun Nair', 'arjun@example.com', '9678452310');
');

SELECT * FROM USERS;

-- Vendors
INSERT ALL
    INTO Vendors (VendorName, ContactEmail) VALUES ('FreshMart', 'contact@freshmart.com')
    INTO Vendors (VendorName, ContactEmail) VALUES ('DailyGroceries', 'support@dailygroceries.com')
    INTO Vendors (VendorName, ContactEmail) VALUES ('GreenBasket', 'hello@greenbasket.com')
    INTO Vendors (VendorName, ContactEmail) VALUES ('QuickBuy', 'sales@quickbuy.com')
    INTO Vendors (VendorName, ContactEmail) VALUES ('HyperLocalHub', 'help@hyperlocalhub.com')
SELECT 1 FROM dual;

select * from vendors;

-- Product Categories
INSERT INTO ProductCategories (CategoryName) VALUES ('Fruits & Vegetables');
INSERT INTO ProductCategories (CategoryName) VALUES ('Dairy');
INSERT INTO ProductCategories (CategoryName) VALUES ('Bakery');
INSERT INTO ProductCategories (CategoryName) VALUES ('Snacks');
INSERT INTO ProductCategories (CategoryName) VALUES ('Beverages');

select * from productcategories;


-- Products
INSERT INTO Products (Name, Description, CategoryID, Price) VALUES ('Product 1', 'Description for product 1', 2, 15.00);
INSERT INTO Products (Name, Description, CategoryID, Price) VALUES ('Product 2', 'Description for product 2', 3, 20.00);
INSERT INTO Products (Name, Description, CategoryID, Price) VALUES ('Product 3', 'Description for product 3', 4, 25.00);
INSERT INTO Products (Name, Description, CategoryID, Price) VALUES ('Product 4', 'Description for product 4', 5, 30.00);
INSERT INTO Products (Name, Description, CategoryID, Price) VALUES ('Product 5', 'Description for product 5', 1, 35.00);
INSERT INTO Products (Name, Description, CategoryID, Price) VALUES ('Product 6', 'Description for product 6', 2, 40.00);
INSERT INTO Products (Name, Description, CategoryID, Price) VALUES ('Product 7', 'Description for product 7', 3, 45.00);
INSERT INTO Products (Name, Description, CategoryID, Price) VALUES ('Product 8', 'Description for product 8', 4, 50.00);
INSERT INTO Products (Name, Description, CategoryID, Price) VALUES ('Product 9', 'Description for product 9', 5, 55.00);
INSERT INTO Products (Name, Description, CategoryID, Price) VALUES ('Product 10', 'Description for product 10', 1, 10.00);
INSERT INTO Products (Name, Description, CategoryID, Price) VALUES ('Product 11', 'Description for product 11', 2, 15.00);
INSERT INTO Products (Name, Description, CategoryID, Price) VALUES ('Product 12', 'Description for product 12', 3, 20.00);
INSERT INTO Products (Name, Description, CategoryID, Price) VALUES ('Product 13', 'Description for product 13', 4, 25.00);
INSERT INTO Products (Name, Description, CategoryID, Price) VALUES ('Product 14', 'Description for product 14', 5, 30.00);
INSERT INTO Products (Name, Description, CategoryID, Price) VALUES ('Product 15', 'Description for product 15', 1, 35.00);
INSERT INTO Products (Name, Description, CategoryID, Price) VALUES ('Product 16', 'Description for product 16', 2, 40.00);
INSERT INTO Products (Name, Description, CategoryID, Price) VALUES ('Product 17', 'Description for product 17', 3, 45.00);
INSERT INTO Products (Name, Description, CategoryID, Price) VALUES ('Product 18', 'Description for product 18', 4, 50.00);
INSERT INTO Products (Name, Description, CategoryID, Price) VALUES ('Product 19', 'Description for product 19', 5, 55.00);
INSERT INTO Products (Name, Description, CategoryID, Price) VALUES ('Product 20', 'Description for product 20', 1, 10.00);
INSERT INTO Products (Name, Description, CategoryID, Price) VALUES ('Product 21', 'Description for product 21', 2, 15.00);
INSERT INTO Products (Name, Description, CategoryID, Price) VALUES ('Product 22', 'Description for product 22', 3, 20.00);
INSERT INTO Products (Name, Description, CategoryID, Price) VALUES ('Product 23', 'Description for product 23', 4, 25.00);
INSERT INTO Products (Name, Description, CategoryID, Price) VALUES ('Product 24', 'Description for product 24', 5, 30.00);
INSERT INTO Products (Name, Description, CategoryID, Price) VALUES ('Product 25', 'Description for product 25', 1, 35.00);
INSERT INTO Products (Name, Description, CategoryID, Price) VALUES ('Product 26', 'Description for product 26', 2, 40.00);
INSERT INTO Products (Name, Description, CategoryID, Price) VALUES ('Product 27', 'Description for product 27', 3, 45.00);
INSERT INTO Products (Name, Description, CategoryID, Price) VALUES ('Product 28', 'Description for product 28', 4, 50.00);
INSERT INTO Products (Name, Description, CategoryID, Price) VALUES ('Product 29', 'Description for product 29', 5, 55.00);
INSERT INTO Products (Name, Description, CategoryID, Price) VALUES ('Product 30', 'Description for product 30', 1, 10.00);
INSERT INTO Products (Name, Description, CategoryID, Price) VALUES ('Product 31', 'Description for product 31', 2, 15.00);
INSERT INTO Products (Name, Description, CategoryID, Price) VALUES ('Product 32', 'Description for product 32', 3, 20.00);
INSERT INTO Products (Name, Description, CategoryID, Price) VALUES ('Product 33', 'Description for product 33', 4, 25.00);
INSERT INTO Products (Name, Description, CategoryID, Price) VALUES ('Product 34', 'Description for product 34', 5, 30.00);
INSERT INTO Products (Name, Description, CategoryID, Price) VALUES ('Product 35', 'Description for product 35', 1, 35.00);
INSERT INTO Products (Name, Description, CategoryID, Price) VALUES ('Product 36', 'Description for product 36', 2, 40.00);
INSERT INTO Products (Name, Description, CategoryID, Price) VALUES ('Product 37', 'Description for product 37', 3, 45.00);
INSERT INTO Products (Name, Description, CategoryID, Price) VALUES ('Product 38', 'Description for product 38', 4, 50.00);
INSERT INTO Products (Name, Description, CategoryID, Price) VALUES ('Product 39', 'Description for product 39', 5, 55.00);
INSERT INTO Products (Name, Description, CategoryID, Price) VALUES ('Product 40', 'Description for product 40', 1, 10.00);
INSERT INTO Products (Name, Description, CategoryID, Price) VALUES ('Product 41', 'Description for product 41', 2, 15.00);
INSERT INTO Products (Name, Description, CategoryID, Price) VALUES ('Product 42', 'Description for product 42', 3, 20.00);
INSERT INTO Products (Name, Description, CategoryID, Price) VALUES ('Product 43', 'Description for product 43', 4, 25.00);
INSERT INTO Products (Name, Description, CategoryID, Price) VALUES ('Product 44', 'Description for product 44', 5, 30.00);
INSERT INTO Products (Name, Description, CategoryID, Price) VALUES ('Product 45', 'Description for product 45', 1, 35.00);
INSERT INTO Products (Name, Description, CategoryID, Price) VALUES ('Product 46', 'Description for product 46', 2, 40.00);
INSERT INTO Products (Name, Description, CategoryID, Price) VALUES ('Product 47', 'Description for product 47', 3, 45.00);
INSERT INTO Products (Name, Description, CategoryID, Price) VALUES ('Product 48', 'Description for product 48', 4, 50.00);
INSERT INTO Products (Name, Description, CategoryID, Price) VALUES ('Product 49', 'Description for product 49', 5, 55.00);
INSERT INTO Products (Name, Description, CategoryID, Price) VALUES ('Product 50', 'Description for product 50', 1, 10.00);

select * from products;

-- Inventory
INSERT INTO Inventory (VendorID, ProductID, QuantityAvailable) VALUES (2, 1, 51);
INSERT INTO Inventory (VendorID, ProductID, QuantityAvailable) VALUES (3, 2, 52);
INSERT INTO Inventory (VendorID, ProductID, QuantityAvailable) VALUES (4, 3, 53);
INSERT INTO Inventory (VendorID, ProductID, QuantityAvailable) VALUES (5, 4, 54);
INSERT INTO Inventory (VendorID, ProductID, QuantityAvailable) VALUES (1, 5, 55);
INSERT INTO Inventory (VendorID, ProductID, QuantityAvailable) VALUES (2, 6, 56);
INSERT INTO Inventory (VendorID, ProductID, QuantityAvailable) VALUES (3, 7, 57);
INSERT INTO Inventory (VendorID, ProductID, QuantityAvailable) VALUES (4, 8, 58);
INSERT INTO Inventory (VendorID, ProductID, QuantityAvailable) VALUES (5, 9, 59);
INSERT INTO Inventory (VendorID, ProductID, QuantityAvailable) VALUES (1, 10, 60);
INSERT INTO Inventory (VendorID, ProductID, QuantityAvailable) VALUES (2, 11, 61);
INSERT INTO Inventory (VendorID, ProductID, QuantityAvailable) VALUES (3, 12, 62);
INSERT INTO Inventory (VendorID, ProductID, QuantityAvailable) VALUES (4, 13, 63);
INSERT INTO Inventory (VendorID, ProductID, QuantityAvailable) VALUES (5, 14, 64);
INSERT INTO Inventory (VendorID, ProductID, QuantityAvailable) VALUES (1, 15, 65);
INSERT INTO Inventory (VendorID, ProductID, QuantityAvailable) VALUES (2, 16, 66);
INSERT INTO Inventory (VendorID, ProductID, QuantityAvailable) VALUES (3, 17, 67);
INSERT INTO Inventory (VendorID, ProductID, QuantityAvailable) VALUES (4, 18, 68);
INSERT INTO Inventory (VendorID, ProductID, QuantityAvailable) VALUES (5, 19, 69);
INSERT INTO Inventory (VendorID, ProductID, QuantityAvailable) VALUES (1, 20, 50);
INSERT INTO Inventory (VendorID, ProductID, QuantityAvailable) VALUES (2, 21, 51);
INSERT INTO Inventory (VendorID, ProductID, QuantityAvailable) VALUES (3, 22, 52);
INSERT INTO Inventory (VendorID, ProductID, QuantityAvailable) VALUES (4, 23, 53);
INSERT INTO Inventory (VendorID, ProductID, QuantityAvailable) VALUES (5, 24, 54);
INSERT INTO Inventory (VendorID, ProductID, QuantityAvailable) VALUES (1, 25, 55);
INSERT INTO Inventory (VendorID, ProductID, QuantityAvailable) VALUES (2, 26, 56);
INSERT INTO Inventory (VendorID, ProductID, QuantityAvailable) VALUES (3, 27, 57);
INSERT INTO Inventory (VendorID, ProductID, QuantityAvailable) VALUES (4, 28, 58);
INSERT INTO Inventory (VendorID, ProductID, QuantityAvailable) VALUES (5, 29, 59);
INSERT INTO Inventory (VendorID, ProductID, QuantityAvailable) VALUES (1, 30, 60);
INSERT INTO Inventory (VendorID, ProductID, QuantityAvailable) VALUES (2, 31, 61);
INSERT INTO Inventory (VendorID, ProductID, QuantityAvailable) VALUES (3, 32, 62);
INSERT INTO Inventory (VendorID, ProductID, QuantityAvailable) VALUES (4, 33, 63);
INSERT INTO Inventory (VendorID, ProductID, QuantityAvailable) VALUES (5, 34, 64);
INSERT INTO Inventory (VendorID, ProductID, QuantityAvailable) VALUES (1, 35, 65);
INSERT INTO Inventory (VendorID, ProductID, QuantityAvailable) VALUES (2, 36, 66);
INSERT INTO Inventory (VendorID, ProductID, QuantityAvailable) VALUES (3, 37, 67);
INSERT INTO Inventory (VendorID, ProductID, QuantityAvailable) VALUES (4, 38, 68);
INSERT INTO Inventory (VendorID, ProductID, QuantityAvailable) VALUES (5, 39, 69);
INSERT INTO Inventory (VendorID, ProductID, QuantityAvailable) VALUES (1, 40, 50);
INSERT INTO Inventory (VendorID, ProductID, QuantityAvailable) VALUES (2, 41, 51);
INSERT INTO Inventory (VendorID, ProductID, QuantityAvailable) VALUES (3, 42, 52);
INSERT INTO Inventory (VendorID, ProductID, QuantityAvailable) VALUES (4, 43, 53);
INSERT INTO Inventory (VendorID, ProductID, QuantityAvailable) VALUES (5, 44, 54);
INSERT INTO Inventory (VendorID, ProductID, QuantityAvailable) VALUES (1, 45, 55);
INSERT INTO Inventory (VendorID, ProductID, QuantityAvailable) VALUES (2, 46, 56);
INSERT INTO Inventory (VendorID, ProductID, QuantityAvailable) VALUES (3, 47, 57);
INSERT INTO Inventory (VendorID, ProductID, QuantityAvailable) VALUES (4, 48, 58);
INSERT INTO Inventory (VendorID, ProductID, QuantityAvailable) VALUES (5, 49, 59);
INSERT INTO Inventory (VendorID, ProductID, QuantityAvailable) VALUES (1, 50, 60);
INSERT INTO Inventory (VendorID, ProductID, QuantityAvailable) VALUES (5, 1, 61);
INSERT INTO Inventory (VendorID, ProductID, QuantityAvailable) VALUES (3, 2, 62);
INSERT INTO Inventory (VendorID, ProductID, QuantityAvailable) VALUES (4, 3, 63);
INSERT INTO Inventory (VendorID, ProductID, QuantityAvailable) VALUES (5, 4, 64);
INSERT INTO Inventory (VendorID, ProductID, QuantityAvailable) VALUES (6, 5, 65);
INSERT INTO Inventory (VendorID, ProductID, QuantityAvailable) VALUES (4, 6, 66);
INSERT INTO Inventory (VendorID, ProductID, QuantityAvailable) VALUES (3, 7, 67);
INSERT INTO Inventory (VendorID, ProductID, QuantityAvailable) VALUES (4, 8, 68);
INSERT INTO Inventory (VendorID, ProductID, QuantityAvailable) VALUES (5, 9, 69);
INSERT INTO Inventory (VendorID, ProductID, QuantityAvailable) VALUES (6, 10, 50);
INSERT INTO Inventory (VendorID, ProductID, QuantityAvailable) VALUES (3, 11, 51);
INSERT INTO Inventory (VendorID, ProductID, QuantityAvailable) VALUES (3, 12, 52);
INSERT INTO Inventory (VendorID, ProductID, QuantityAvailable) VALUES (4, 13, 53);
INSERT INTO Inventory (VendorID, ProductID, QuantityAvailable) VALUES (5, 14, 54);
INSERT INTO Inventory (VendorID, ProductID, QuantityAvailable) VALUES (4, 15, 55);
INSERT INTO Inventory (VendorID, ProductID, QuantityAvailable) VALUES (4, 16, 56);
INSERT INTO Inventory (VendorID, ProductID, QuantityAvailable) VALUES (3, 17, 57);
INSERT INTO Inventory (VendorID, ProductID, QuantityAvailable) VALUES (4, 18, 58);
INSERT INTO Inventory (VendorID, ProductID, QuantityAvailable) VALUES (5, 19, 59);
INSERT INTO Inventory (VendorID, ProductID, QuantityAvailable) VALUES (6, 20, 60);
INSERT INTO Inventory (VendorID, ProductID, QuantityAvailable) VALUES (3, 21, 61);
INSERT INTO Inventory (VendorID, ProductID, QuantityAvailable) VALUES (3, 22, 62);
INSERT INTO Inventory (VendorID, ProductID, QuantityAvailable) VALUES (4, 23, 63);
INSERT INTO Inventory (VendorID, ProductID, QuantityAvailable) VALUES (5, 24, 64);
INSERT INTO Inventory (VendorID, ProductID, QuantityAvailable) VALUES (3, 25, 65);
INSERT INTO Inventory (VendorID, ProductID, QuantityAvailable) VALUES (6, 26, 66);
INSERT INTO Inventory (VendorID, ProductID, QuantityAvailable) VALUES (3, 27, 67);
INSERT INTO Inventory (VendorID, ProductID, QuantityAvailable) VALUES (4, 28, 68);
INSERT INTO Inventory (VendorID, ProductID, QuantityAvailable) VALUES (5, 29, 69);
INSERT INTO Inventory (VendorID, ProductID, QuantityAvailable) VALUES (4, 30, 50);
INSERT INTO Inventory (VendorID, ProductID, QuantityAvailable) VALUES (3, 31, 51);
INSERT INTO Inventory (VendorID, ProductID, QuantityAvailable) VALUES (3, 32, 52);
INSERT INTO Inventory (VendorID, ProductID, QuantityAvailable) VALUES (4, 33, 53);
INSERT INTO Inventory (VendorID, ProductID, QuantityAvailable) VALUES (5, 34, 54);
INSERT INTO Inventory (VendorID, ProductID, QuantityAvailable) VALUES (7, 35, 55);
INSERT INTO Inventory (VendorID, ProductID, QuantityAvailable) VALUES (5, 36, 56);
INSERT INTO Inventory (VendorID, ProductID, QuantityAvailable) VALUES (3, 37, 57);
INSERT INTO Inventory (VendorID, ProductID, QuantityAvailable) VALUES (4, 38, 58);
INSERT INTO Inventory (VendorID, ProductID, QuantityAvailable) VALUES (5, 39, 59);
INSERT INTO Inventory (VendorID, ProductID, QuantityAvailable) VALUES (3, 40, 60);
INSERT INTO Inventory (VendorID, ProductID, QuantityAvailable) VALUES (3, 41, 61);
INSERT INTO Inventory (VendorID, ProductID, QuantityAvailable) VALUES (3, 42, 62);
INSERT INTO Inventory (VendorID, ProductID, QuantityAvailable) VALUES (4, 43, 63);
INSERT INTO Inventory (VendorID, ProductID, QuantityAvailable) VALUES (5, 44, 64);
INSERT INTO Inventory (VendorID, ProductID, QuantityAvailable) VALUES (7, 45, 65);
INSERT INTO Inventory (VendorID, ProductID, QuantityAvailable) VALUES (6, 46, 66);
INSERT INTO Inventory (VendorID, ProductID, QuantityAvailable) VALUES (3, 47, 67);
INSERT INTO Inventory (VendorID, ProductID, QuantityAvailable) VALUES (4, 48, 68);
INSERT INTO Inventory (VendorID, ProductID, QuantityAvailable) VALUES (5, 49, 69);
INSERT INTO Inventory (VendorID, ProductID, QuantityAvailable) VALUES (6, 50, 50);

-- Addresses
INSERT INTO Orders (UserID, VendorID, OrderDate, TotalAmount) VALUES (1000, 5, SYSDATE, 110.00);
INSERT INTO Orders (UserID, VendorID, OrderDate, TotalAmount) VALUES (1001, 7, SYSDATE, 120.00);
INSERT INTO Orders (UserID, VendorID, OrderDate, TotalAmount) VALUES (1002, 3, SYSDATE, 130.00);
INSERT INTO Orders (UserID, VendorID, OrderDate, TotalAmount) VALUES (1003, 6, SYSDATE, 140.00);
INSERT INTO Orders (UserID, VendorID, OrderDate, TotalAmount) VALUES (1004, 5, SYSDATE, 150.00);
INSERT INTO Orders (UserID, VendorID, OrderDate, TotalAmount) VALUES (1005, 4, SYSDATE, 160.00);
INSERT INTO Orders (UserID, VendorID, OrderDate, TotalAmount) VALUES (1006, 7, SYSDATE, 170.00);
INSERT INTO Orders (UserID, VendorID, OrderDate, TotalAmount) VALUES (1007, 3, SYSDATE, 180.00);
INSERT INTO Orders (UserID, VendorID, OrderDate, TotalAmount) VALUES (1008, 6, SYSDATE, 190.00);
INSERT INTO Orders (UserID, VendorID, OrderDate, TotalAmount) VALUES (1009, 5, SYSDATE, 200.00);
INSERT INTO Orders (UserID, VendorID, OrderDate, TotalAmount) VALUES (1000, 4, SYSDATE, 210.00);
INSERT INTO Orders (UserID, VendorID, OrderDate, TotalAmount) VALUES (1001, 7, SYSDATE, 220.00);
INSERT INTO Orders (UserID, VendorID, OrderDate, TotalAmount) VALUES (1002, 3, SYSDATE, 230.00);
INSERT INTO Orders (UserID, VendorID, OrderDate, TotalAmount) VALUES (1003, 6, SYSDATE, 240.00);
INSERT INTO Orders (UserID, VendorID, OrderDate, TotalAmount) VALUES (1004, 5, SYSDATE, 250.00);
INSERT INTO Orders (UserID, VendorID, OrderDate, TotalAmount) VALUES (1005, 4, SYSDATE, 260.00);
INSERT INTO Orders (UserID, VendorID, OrderDate, TotalAmount) VALUES (1006, 7, SYSDATE, 270.00);
INSERT INTO Orders (UserID, VendorID, OrderDate, TotalAmount) VALUES (1007, 3, SYSDATE, 280.00);
INSERT INTO Orders (UserID, VendorID, OrderDate, TotalAmount) VALUES (1008, 6, SYSDATE, 290.00);
INSERT INTO Orders (UserID, VendorID, OrderDate, TotalAmount) VALUES (1009, 5, SYSDATE, 100.00);
INSERT INTO Orders (UserID, VendorID, OrderDate, TotalAmount) VALUES (1000, 4, SYSDATE, 110.00);
INSERT INTO Orders (UserID, VendorID, OrderDate, TotalAmount) VALUES (1001, 7, SYSDATE, 120.00);
INSERT INTO Orders (UserID, VendorID, OrderDate, TotalAmount) VALUES (1002, 3, SYSDATE, 130.00);
INSERT INTO Orders (UserID, VendorID, OrderDate, TotalAmount) VALUES (1003, 6, SYSDATE, 140.00);
INSERT INTO Orders (UserID, VendorID, OrderDate, TotalAmount) VALUES (1004, 5, SYSDATE, 150.00);
INSERT INTO Orders (UserID, VendorID, OrderDate, TotalAmount) VALUES (1005, 4, SYSDATE, 160.00);
INSERT INTO Orders (UserID, VendorID, OrderDate, TotalAmount) VALUES (1006, 7, SYSDATE, 170.00);
INSERT INTO Orders (UserID, VendorID, OrderDate, TotalAmount) VALUES (1007, 3, SYSDATE, 180.00);
INSERT INTO Orders (UserID, VendorID, OrderDate, TotalAmount) VALUES (1008, 6, SYSDATE, 190.00);
INSERT INTO Orders (UserID, VendorID, OrderDate, TotalAmount) VALUES (1009, 5, SYSDATE, 200.00);
INSERT INTO Orders (UserID, VendorID, OrderDate, TotalAmount) VALUES (1000, 4, SYSDATE, 210.00);
INSERT INTO Orders (UserID, VendorID, OrderDate, TotalAmount) VALUES (1001, 7, SYSDATE, 220.00);
INSERT INTO Orders (UserID, VendorID, OrderDate, TotalAmount) VALUES (1002, 3, SYSDATE, 230.00);
INSERT INTO Orders (UserID, VendorID, OrderDate, TotalAmount) VALUES (1003, 6, SYSDATE, 240.00);
INSERT INTO Orders (UserID, VendorID, OrderDate, TotalAmount) VALUES (1004, 5, SYSDATE, 250.00);
INSERT INTO Orders (UserID, VendorID, OrderDate, TotalAmount) VALUES (1005, 4, SYSDATE, 260.00);
INSERT INTO Orders (UserID, VendorID, OrderDate, TotalAmount) VALUES (1006, 7, SYSDATE, 270.00);
INSERT INTO Orders (UserID, VendorID, OrderDate, TotalAmount) VALUES (1007, 3, SYSDATE, 280.00);
INSERT INTO Orders (UserID, VendorID, OrderDate, TotalAmount) VALUES (1008, 6, SYSDATE, 290.00);
INSERT INTO Orders (UserID, VendorID, OrderDate, TotalAmount) VALUES (1009, 5, SYSDATE, 100.00);
INSERT INTO Orders (UserID, VendorID, OrderDate, TotalAmount) VALUES (1000, 4, SYSDATE, 110.00);
INSERT INTO Orders (UserID, VendorID, OrderDate, TotalAmount) VALUES (1001, 7, SYSDATE, 120.00);
INSERT INTO Orders (UserID, VendorID, OrderDate, TotalAmount) VALUES (1002, 3, SYSDATE, 130.00);
INSERT INTO Orders (UserID, VendorID, OrderDate, TotalAmount) VALUES (1003, 6, SYSDATE, 140.00);
INSERT INTO Orders (UserID, VendorID, OrderDate, TotalAmount) VALUES (1004, 5, SYSDATE, 150.00);
INSERT INTO Orders (UserID, VendorID, OrderDate, TotalAmount) VALUES (1005, 4, SYSDATE, 160.00);
INSERT INTO Orders (UserID, VendorID, OrderDate, TotalAmount) VALUES (1006, 7, SYSDATE, 170.00);
INSERT INTO Orders (UserID, VendorID, OrderDate, TotalAmount) VALUES (1007, 3, SYSDATE, 180.00);
INSERT INTO Orders (UserID, VendorID, OrderDate, TotalAmount) VALUES (1008, 6, SYSDATE, 190.00);
INSERT INTO Orders (UserID, VendorID, OrderDate, TotalAmount) VALUES (1009, 5, SYSDATE, 200.00);
INSERT INTO Orders (UserID, VendorID, OrderDate, TotalAmount) VALUES (1000, 4, SYSDATE, 210.00);
INSERT INTO Orders (UserID, VendorID, OrderDate, TotalAmount) VALUES (1001, 7, SYSDATE, 220.00);
INSERT INTO Orders (UserID, VendorID, OrderDate, TotalAmount) VALUES (1002, 3, SYSDATE, 230.00);
INSERT INTO Orders (UserID, VendorID, OrderDate, TotalAmount) VALUES (1003, 6, SYSDATE, 240.00);
INSERT INTO Orders (UserID, VendorID, OrderDate, TotalAmount) VALUES (1004, 5, SYSDATE, 250.00);
INSERT INTO Orders (UserID, VendorID, OrderDate, TotalAmount) VALUES (1005, 4, SYSDATE, 260.00);
INSERT INTO Orders (UserID, VendorID, OrderDate, TotalAmount) VALUES (1006, 7, SYSDATE, 270.00);
INSERT INTO Orders (UserID, VendorID, OrderDate, TotalAmount) VALUES (1007, 3, SYSDATE, 280.00);
INSERT INTO Orders (UserID, VendorID, OrderDate, TotalAmount) VALUES (1008, 6, SYSDATE, 290.00);
INSERT INTO Orders (UserID, VendorID, OrderDate, TotalAmount) VALUES (1009, 5, SYSDATE, 100.00);
INSERT INTO Orders (UserID, VendorID, OrderDate, TotalAmount) VALUES (1000, 4, SYSDATE, 110.00);
INSERT INTO Orders (UserID, VendorID, OrderDate, TotalAmount) VALUES (1001, 7, SYSDATE, 120.00);
INSERT INTO Orders (UserID, VendorID, OrderDate, TotalAmount) VALUES (1002, 3, SYSDATE, 130.00);
INSERT INTO Orders (UserID, VendorID, OrderDate, TotalAmount) VALUES (1003, 6, SYSDATE, 140.00);
INSERT INTO Orders (UserID, VendorID, OrderDate, TotalAmount) VALUES (1004, 5, SYSDATE, 150.00);
INSERT INTO Orders (UserID, VendorID, OrderDate, TotalAmount) VALUES (1005, 4, SYSDATE, 160.00);
INSERT INTO Orders (UserID, VendorID, OrderDate, TotalAmount) VALUES (1006, 7, SYSDATE, 170.00);
INSERT INTO Orders (UserID, VendorID, OrderDate, TotalAmount) VALUES (1007, 3, SYSDATE, 180.00);
INSERT INTO Orders (UserID, VendorID, OrderDate, TotalAmount) VALUES (1008, 6, SYSDATE, 190.00);
INSERT INTO Orders (UserID, VendorID, OrderDate, TotalAmount) VALUES (1009, 5, SYSDATE, 200.00);
INSERT INTO Orders (UserID, VendorID, OrderDate, TotalAmount) VALUES (1000, 4, SYSDATE, 210.00);
INSERT INTO Orders (UserID, VendorID, OrderDate, TotalAmount) VALUES (1001, 7, SYSDATE, 220.00);
INSERT INTO Orders (UserID, VendorID, OrderDate, TotalAmount) VALUES (1002, 3, SYSDATE, 230.00);
INSERT INTO Orders (UserID, VendorID, OrderDate, TotalAmount) VALUES (1003, 6, SYSDATE, 240.00);
INSERT INTO Orders (UserID, VendorID, OrderDate, TotalAmount) VALUES (1004, 5, SYSDATE, 250.00);
INSERT INTO Orders (UserID, VendorID, OrderDate, TotalAmount) VALUES (1005, 4, SYSDATE, 260.00);
INSERT INTO Orders (UserID, VendorID, OrderDate, TotalAmount) VALUES (1006, 7, SYSDATE, 270.00);
INSERT INTO Orders (UserID, VendorID, OrderDate, TotalAmount) VALUES (1007, 3, SYSDATE, 280.00);
INSERT INTO Orders (UserID, VendorID, OrderDate, TotalAmount) VALUES (1008, 6, SYSDATE, 290.00);
INSERT INTO Orders (UserID, VendorID, OrderDate, TotalAmount) VALUES (1009, 5, SYSDATE, 100.00);
INSERT INTO Orders (UserID, VendorID, OrderDate, TotalAmount) VALUES (1000, 4, SYSDATE, 110.00);
INSERT INTO Orders (UserID, VendorID, OrderDate, TotalAmount) VALUES (1001, 7, SYSDATE, 120.00);
INSERT INTO Orders (UserID, VendorID, OrderDate, TotalAmount) VALUES (1002, 3, SYSDATE, 130.00);
INSERT INTO Orders (UserID, VendorID, OrderDate, TotalAmount) VALUES (1003, 6, SYSDATE, 140.00);
INSERT INTO Orders (UserID, VendorID, OrderDate, TotalAmount) VALUES (1004, 5, SYSDATE, 150.00);
INSERT INTO Orders (UserID, VendorID, OrderDate, TotalAmount) VALUES (1005, 4, SYSDATE, 160.00);
INSERT INTO Orders (UserID, VendorID, OrderDate, TotalAmount) VALUES (1006, 7, SYSDATE, 170.00);
INSERT INTO Orders (UserID, VendorID, OrderDate, TotalAmount) VALUES (1007, 3, SYSDATE, 180.00);
INSERT INTO Orders (UserID, VendorID, OrderDate, TotalAmount) VALUES (1008, 6, SYSDATE, 190.00);
INSERT INTO Orders (UserID, VendorID, OrderDate, TotalAmount) VALUES (1009, 5, SYSDATE, 200.00);
INSERT INTO Orders (UserID, VendorID, OrderDate, TotalAmount) VALUES (1000, 4, SYSDATE, 210.00);
INSERT INTO Orders (UserID, VendorID, OrderDate, TotalAmount) VALUES (1001, 7, SYSDATE, 220.00);
INSERT INTO Orders (UserID, VendorID, OrderDate, TotalAmount) VALUES (1002, 3, SYSDATE, 230.00);
INSERT INTO Orders (UserID, VendorID, OrderDate, TotalAmount) VALUES (1003, 6, SYSDATE, 240.00);
INSERT INTO Orders (UserID, VendorID, OrderDate, TotalAmount) VALUES (1004, 5, SYSDATE, 250.00);
INSERT INTO Orders (UserID, VendorID, OrderDate, TotalAmount) VALUES (1005, 4, SYSDATE, 260.00);
INSERT INTO Orders (UserID, VendorID, OrderDate, TotalAmount) VALUES (1006, 7, SYSDATE, 270.00);
INSERT INTO Orders (UserID, VendorID, OrderDate, TotalAmount) VALUES (1007, 3, SYSDATE, 280.00);
INSERT INTO Orders (UserID, VendorID, OrderDate, TotalAmount) VALUES (1008, 6, SYSDATE, 290.00);
INSERT INTO Orders (UserID, VendorID, OrderDate, TotalAmount) VALUES (1009, 5, SYSDATE, 100.00);

select * from orders;

-- OrderItems
INSERT INTO OrderItems (OrderID, ProductID, Quantity, Price) VALUES (2, 2, 2, 15.00);
INSERT INTO OrderItems (OrderID, ProductID, Quantity, Price) VALUES (3, 3, 3, 20.00);
INSERT INTO OrderItems (OrderID, ProductID, Quantity, Price) VALUES (4, 4, 1, 25.00);
INSERT INTO OrderItems (OrderID, ProductID, Quantity, Price) VALUES (5, 5, 2, 30.00);
INSERT INTO OrderItems (OrderID, ProductID, Quantity, Price) VALUES (6, 6, 3, 35.00);
INSERT INTO OrderItems (OrderID, ProductID, Quantity, Price) VALUES (7, 7, 1, 40.00);
INSERT INTO OrderItems (OrderID, ProductID, Quantity, Price) VALUES (8, 8, 2, 45.00);
INSERT INTO OrderItems (OrderID, ProductID, Quantity, Price) VALUES (9, 9, 3, 50.00);
INSERT INTO OrderItems (OrderID, ProductID, Quantity, Price) VALUES (10, 10, 1, 55.00);
INSERT INTO OrderItems (OrderID, ProductID, Quantity, Price) VALUES (11, 11, 2, 10.00);
INSERT INTO OrderItems (OrderID, ProductID, Quantity, Price) VALUES (12, 12, 3, 15.00);
INSERT INTO OrderItems (OrderID, ProductID, Quantity, Price) VALUES (13, 13, 1, 20.00);
INSERT INTO OrderItems (OrderID, ProductID, Quantity, Price) VALUES (14, 14, 2, 25.00);
INSERT INTO OrderItems (OrderID, ProductID, Quantity, Price) VALUES (15, 15, 3, 30.00);
INSERT INTO OrderItems (OrderID, ProductID, Quantity, Price) VALUES (16, 16, 1, 35.00);
INSERT INTO OrderItems (OrderID, ProductID, Quantity, Price) VALUES (17, 17, 2, 40.00);
INSERT INTO OrderItems (OrderID, ProductID, Quantity, Price) VALUES (18, 18, 3, 45.00);
INSERT INTO OrderItems (OrderID, ProductID, Quantity, Price) VALUES (19, 19, 1, 50.00);
INSERT INTO OrderItems (OrderID, ProductID, Quantity, Price) VALUES (20, 20, 2, 55.00);
INSERT INTO OrderItems (OrderID, ProductID, Quantity, Price) VALUES (21, 21, 3, 10.00);
INSERT INTO OrderItems (OrderID, ProductID, Quantity, Price) VALUES (22, 22, 1, 15.00);
INSERT INTO OrderItems (OrderID, ProductID, Quantity, Price) VALUES (23, 23, 2, 20.00);
INSERT INTO OrderItems (OrderID, ProductID, Quantity, Price) VALUES (24, 24, 3, 25.00);
INSERT INTO OrderItems (OrderID, ProductID, Quantity, Price) VALUES (25, 25, 1, 30.00);
INSERT INTO OrderItems (OrderID, ProductID, Quantity, Price) VALUES (26, 26, 2, 35.00);
INSERT INTO OrderItems (OrderID, ProductID, Quantity, Price) VALUES (27, 27, 3, 40.00);
INSERT INTO OrderItems (OrderID, ProductID, Quantity, Price) VALUES (28, 28, 1, 45.00);
INSERT INTO OrderItems (OrderID, ProductID, Quantity, Price) VALUES (29, 29, 2, 50.00);
INSERT INTO OrderItems (OrderID, ProductID, Quantity, Price) VALUES (30, 30, 3, 55.00);
INSERT INTO OrderItems (OrderID, ProductID, Quantity, Price) VALUES (31, 31, 1, 10.00);
INSERT INTO OrderItems (OrderID, ProductID, Quantity, Price) VALUES (32, 32, 2, 15.00);
INSERT INTO OrderItems (OrderID, ProductID, Quantity, Price) VALUES (33, 33, 3, 20.00);
INSERT INTO OrderItems (OrderID, ProductID, Quantity, Price) VALUES (34, 34, 1, 25.00);
INSERT INTO OrderItems (OrderID, ProductID, Quantity, Price) VALUES (35, 35, 2, 30.00);
INSERT INTO OrderItems (OrderID, ProductID, Quantity, Price) VALUES (36, 36, 3, 35.00);
INSERT INTO OrderItems (OrderID, ProductID, Quantity, Price) VALUES (37, 37, 1, 40.00);
INSERT INTO OrderItems (OrderID, ProductID, Quantity, Price) VALUES (38, 38, 2, 45.00);
INSERT INTO OrderItems (OrderID, ProductID, Quantity, Price) VALUES (39, 39, 3, 50.00);
INSERT INTO OrderItems (OrderID, ProductID, Quantity, Price) VALUES (40, 40, 1, 55.00);
INSERT INTO OrderItems (OrderID, ProductID, Quantity, Price) VALUES (41, 41, 2, 10.00);
INSERT INTO OrderItems (OrderID, ProductID, Quantity, Price) VALUES (42, 42, 3, 15.00);
INSERT INTO OrderItems (OrderID, ProductID, Quantity, Price) VALUES (43, 43, 1, 20.00);
INSERT INTO OrderItems (OrderID, ProductID, Quantity, Price) VALUES (44, 44, 2, 25.00);
INSERT INTO OrderItems (OrderID, ProductID, Quantity, Price) VALUES (45, 45, 3, 30.00);
INSERT INTO OrderItems (OrderID, ProductID, Quantity, Price) VALUES (46, 46, 1, 35.00);
INSERT INTO OrderItems (OrderID, ProductID, Quantity, Price) VALUES (47, 47, 2, 40.00);
INSERT INTO OrderItems (OrderID, ProductID, Quantity, Price) VALUES (48, 48, 3, 45.00);
INSERT INTO OrderItems (OrderID, ProductID, Quantity, Price) VALUES (49, 49, 1, 50.00);
INSERT INTO OrderItems (OrderID, ProductID, Quantity, Price) VALUES (50, 50, 2, 55.00);
INSERT INTO OrderItems (OrderID, ProductID, Quantity, Price) VALUES (51, 1, 3, 10.00);
INSERT INTO OrderItems (OrderID, ProductID, Quantity, Price) VALUES (52, 2, 1, 15.00);
INSERT INTO OrderItems (OrderID, ProductID, Quantity, Price) VALUES (53, 3, 2, 20.00);
INSERT INTO OrderItems (OrderID, ProductID, Quantity, Price) VALUES (54, 4, 3, 25.00);
INSERT INTO OrderItems (OrderID, ProductID, Quantity, Price) VALUES (55, 5, 1, 30.00);
INSERT INTO OrderItems (OrderID, ProductID, Quantity, Price) VALUES (56, 6, 2, 35.00);
INSERT INTO OrderItems (OrderID, ProductID, Quantity, Price) VALUES (57, 7, 3, 40.00);
INSERT INTO OrderItems (OrderID, ProductID, Quantity, Price) VALUES (58, 8, 1, 45.00);
INSERT INTO OrderItems (OrderID, ProductID, Quantity, Price) VALUES (59, 9, 2, 50.00);
INSERT INTO OrderItems (OrderID, ProductID, Quantity, Price) VALUES (60, 10, 3, 55.00);
INSERT INTO OrderItems (OrderID, ProductID, Quantity, Price) VALUES (61, 11, 1, 10.00);
INSERT INTO OrderItems (OrderID, ProductID, Quantity, Price) VALUES (62, 12, 2, 15.00);
INSERT INTO OrderItems (OrderID, ProductID, Quantity, Price) VALUES (63, 13, 3, 20.00);
INSERT INTO OrderItems (OrderID, ProductID, Quantity, Price) VALUES (64, 14, 1, 25.00);
INSERT INTO OrderItems (OrderID, ProductID, Quantity, Price) VALUES (65, 15, 2, 30.00);
INSERT INTO OrderItems (OrderID, ProductID, Quantity, Price) VALUES (66, 16, 3, 35.00);
INSERT INTO OrderItems (OrderID, ProductID, Quantity, Price) VALUES (67, 17, 1, 40.00);
INSERT INTO OrderItems (OrderID, ProductID, Quantity, Price) VALUES (68, 18, 2, 45.00);
INSERT INTO OrderItems (OrderID, ProductID, Quantity, Price) VALUES (69, 19, 3, 50.00);
INSERT INTO OrderItems (OrderID, ProductID, Quantity, Price) VALUES (70, 20, 1, 55.00);
INSERT INTO OrderItems (OrderID, ProductID, Quantity, Price) VALUES (71, 21, 2, 10.00);
INSERT INTO OrderItems (OrderID, ProductID, Quantity, Price) VALUES (72, 22, 3, 15.00);
INSERT INTO OrderItems (OrderID, ProductID, Quantity, Price) VALUES (73, 23, 1, 20.00);
INSERT INTO OrderItems (OrderID, ProductID, Quantity, Price) VALUES (74, 24, 2, 25.00);
INSERT INTO OrderItems (OrderID, ProductID, Quantity, Price) VALUES (75, 25, 3, 30.00);
INSERT INTO OrderItems (OrderID, ProductID, Quantity, Price) VALUES (76, 26, 1, 35.00);
INSERT INTO OrderItems (OrderID, ProductID, Quantity, Price) VALUES (77, 27, 2, 40.00);
INSERT INTO OrderItems (OrderID, ProductID, Quantity, Price) VALUES (78, 28, 3, 45.00);
INSERT INTO OrderItems (OrderID, ProductID, Quantity, Price) VALUES (79, 29, 1, 50.00);
INSERT INTO OrderItems (OrderID, ProductID, Quantity, Price) VALUES (80, 30, 2, 55.00);
INSERT INTO OrderItems (OrderID, ProductID, Quantity, Price) VALUES (81, 31, 3, 10.00);
INSERT INTO OrderItems (OrderID, ProductID, Quantity, Price) VALUES (82, 32, 1, 15.00);
INSERT INTO OrderItems (OrderID, ProductID, Quantity, Price) VALUES (83, 33, 2, 20.00);
INSERT INTO OrderItems (OrderID, ProductID, Quantity, Price) VALUES (84, 34, 3, 25.00);
INSERT INTO OrderItems (OrderID, ProductID, Quantity, Price) VALUES (85, 35, 1, 30.00);
INSERT INTO OrderItems (OrderID, ProductID, Quantity, Price) VALUES (86, 36, 2, 35.00);
INSERT INTO OrderItems (OrderID, ProductID, Quantity, Price) VALUES (87, 37, 3, 40.00);
INSERT INTO OrderItems (OrderID, ProductID, Quantity, Price) VALUES (88, 38, 1, 45.00);
INSERT INTO OrderItems (OrderID, ProductID, Quantity, Price) VALUES (89, 39, 2, 50.00);
INSERT INTO OrderItems (OrderID, ProductID, Quantity, Price) VALUES (90, 40, 3, 55.00);
INSERT INTO OrderItems (OrderID, ProductID, Quantity, Price) VALUES (91, 41, 1, 10.00);
INSERT INTO OrderItems (OrderID, ProductID, Quantity, Price) VALUES (92, 42, 2, 15.00);
INSERT INTO OrderItems (OrderID, ProductID, Quantity, Price) VALUES (93, 43, 3, 20.00);
INSERT INTO OrderItems (OrderID, ProductID, Quantity, Price) VALUES (94, 44, 1, 25.00);
INSERT INTO OrderItems (OrderID, ProductID, Quantity, Price) VALUES (95, 45, 2, 30.00);
INSERT INTO OrderItems (OrderID, ProductID, Quantity, Price) VALUES (96, 46, 3, 35.00);
INSERT INTO OrderItems (OrderID, ProductID, Quantity, Price) VALUES (97, 47, 1, 40.00);
INSERT INTO OrderItems (OrderID, ProductID, Quantity, Price) VALUES (98, 48, 2, 45.00);
INSERT INTO OrderItems (OrderID, ProductID, Quantity, Price) VALUES (99, 49, 3, 50.00);
INSERT INTO OrderItems (OrderID, ProductID, Quantity, Price) VALUES (100, 50, 1, 55.00);
INSERT INTO OrderItems (OrderID, ProductID, Quantity, Price) VALUES (1, 1, 2, 10.00);
INSERT INTO OrderItems (OrderID, ProductID, Quantity, Price) VALUES (2, 2, 3, 15.00);
INSERT INTO OrderItems (OrderID, ProductID, Quantity, Price) VALUES (3, 3, 1, 20.00);
INSERT INTO OrderItems (OrderID, ProductID, Quantity, Price) VALUES (4, 4, 2, 25.00);
INSERT INTO OrderItems (OrderID, ProductID, Quantity, Price) VALUES (5, 5, 3, 30.00);
INSERT INTO OrderItems (OrderID, ProductID, Quantity, Price) VALUES (6, 6, 1, 35.00);
INSERT INTO OrderItems (OrderID, ProductID, Quantity, Price) VALUES (7, 7, 2, 40.00);
INSERT INTO OrderItems (OrderID, ProductID, Quantity, Price) VALUES (8, 8, 3, 45.00);
INSERT INTO OrderItems (OrderID, ProductID, Quantity, Price) VALUES (9, 9, 1, 50.00);
INSERT INTO OrderItems (OrderID, ProductID, Quantity, Price) VALUES (10, 10, 2, 55.00);
INSERT INTO OrderItems (OrderID, ProductID, Quantity, Price) VALUES (11, 11, 3, 10.00);
INSERT INTO OrderItems (OrderID, ProductID, Quantity, Price) VALUES (12, 12, 1, 15.00);
INSERT INTO OrderItems (OrderID, ProductID, Quantity, Price) VALUES (13, 13, 2, 20.00);
INSERT INTO OrderItems (OrderID, ProductID, Quantity, Price) VALUES (14, 14, 3, 25.00);
INSERT INTO OrderItems (OrderID, ProductID, Quantity, Price) VALUES (15, 15, 1, 30.00);
INSERT INTO OrderItems (OrderID, ProductID, Quantity, Price) VALUES (16, 16, 2, 35.00);
INSERT INTO OrderItems (OrderID, ProductID, Quantity, Price) VALUES (17, 17, 3, 40.00);
INSERT INTO OrderItems (OrderID, ProductID, Quantity, Price) VALUES (18, 18, 1, 45.00);
INSERT INTO OrderItems (OrderID, ProductID, Quantity, Price) VALUES (19, 19, 2, 50.00);
INSERT INTO OrderItems (OrderID, ProductID, Quantity, Price) VALUES (20, 20, 3, 55.00);
INSERT INTO OrderItems (OrderID, ProductID, Quantity, Price) VALUES (21, 21, 1, 10.00);
INSERT INTO OrderItems (OrderID, ProductID, Quantity, Price) VALUES (22, 22, 2, 15.00);
INSERT INTO OrderItems (OrderID, ProductID, Quantity, Price) VALUES (23, 23, 3, 20.00);
INSERT INTO OrderItems (OrderID, ProductID, Quantity, Price) VALUES (24, 24, 1, 25.00);
INSERT INTO OrderItems (OrderID, ProductID, Quantity, Price) VALUES (25, 25, 2, 30.00);
INSERT INTO OrderItems (OrderID, ProductID, Quantity, Price) VALUES (26, 26, 3, 35.00);
INSERT INTO OrderItems (OrderID, ProductID, Quantity, Price) VALUES (27, 27, 1, 40.00);
INSERT INTO OrderItems (OrderID, ProductID, Quantity, Price) VALUES (28, 28, 2, 45.00);
INSERT INTO OrderItems (OrderID, ProductID, Quantity, Price) VALUES (29, 29, 3, 50.00);
INSERT INTO OrderItems (OrderID, ProductID, Quantity, Price) VALUES (30, 30, 1, 55.00);
INSERT INTO OrderItems (OrderID, ProductID, Quantity, Price) VALUES (31, 31, 2, 10.00);
INSERT INTO OrderItems (OrderID, ProductID, Quantity, Price) VALUES (32, 32, 3, 15.00);
INSERT INTO OrderItems (OrderID, ProductID, Quantity, Price) VALUES (33, 33, 1, 20.00);
INSERT INTO OrderItems (OrderID, ProductID, Quantity, Price) VALUES (34, 34, 2, 25.00);
INSERT INTO OrderItems (OrderID, ProductID, Quantity, Price) VALUES (35, 35, 3, 30.00);
INSERT INTO OrderItems (OrderID, ProductID, Quantity, Price) VALUES (36, 36, 1, 35.00);
INSERT INTO OrderItems (OrderID, ProductID, Quantity, Price) VALUES (37, 37, 2, 40.00);
INSERT INTO OrderItems (OrderID, ProductID, Quantity, Price) VALUES (38, 38, 3, 45.00);
INSERT INTO OrderItems (OrderID, ProductID, Quantity, Price) VALUES (39, 39, 1, 50.00);
INSERT INTO OrderItems (OrderID, ProductID, Quantity, Price) VALUES (40, 40, 2, 55.00);
INSERT INTO OrderItems (OrderID, ProductID, Quantity, Price) VALUES (41, 41, 3, 10.00);
INSERT INTO OrderItems (OrderID, ProductID, Quantity, Price) VALUES (42, 42, 1, 15.00);
INSERT INTO OrderItems (OrderID, ProductID, Quantity, Price) VALUES (43, 43, 2, 20.00);
INSERT INTO OrderItems (OrderID, ProductID, Quantity, Price) VALUES (44, 44, 3, 25.00);
INSERT INTO OrderItems (OrderID, ProductID, Quantity, Price) VALUES (45, 45, 1, 30.00);
INSERT INTO OrderItems (OrderID, ProductID, Quantity, Price) VALUES (46, 46, 2, 35.00);
INSERT INTO OrderItems (OrderID, ProductID, Quantity, Price) VALUES (47, 47, 3, 40.00);
INSERT INTO OrderItems (OrderID, ProductID, Quantity, Price) VALUES (48, 48, 1, 45.00);
INSERT INTO OrderItems (OrderID, ProductID, Quantity, Price) VALUES (49, 49, 2, 50.00);
INSERT INTO OrderItems (OrderID, ProductID, Quantity, Price) VALUES (50, 50, 3, 55.00);
INSERT INTO OrderItems (OrderID, ProductID, Quantity, Price) VALUES (51, 1, 1, 10.00);
INSERT INTO OrderItems (OrderID, ProductID, Quantity, Price) VALUES (52, 2, 2, 15.00);
INSERT INTO OrderItems (OrderID, ProductID, Quantity, Price) VALUES (53, 3, 3, 20.00);
INSERT INTO OrderItems (OrderID, ProductID, Quantity, Price) VALUES (54, 4, 1, 25.00);
INSERT INTO OrderItems (OrderID, ProductID, Quantity, Price) VALUES (55, 5, 2, 30.00);
INSERT INTO OrderItems (OrderID, ProductID, Quantity, Price) VALUES (56, 6, 3, 35.00);
INSERT INTO OrderItems (OrderID, ProductID, Quantity, Price) VALUES (57, 7, 1, 40.00);
INSERT INTO OrderItems (OrderID, ProductID, Quantity, Price) VALUES (58, 8, 2, 45.00);
INSERT INTO OrderItems (OrderID, ProductID, Quantity, Price) VALUES (59, 9, 3, 50.00);
INSERT INTO OrderItems (OrderID, ProductID, Quantity, Price) VALUES (60, 10, 1, 55.00);
INSERT INTO OrderItems (OrderID, ProductID, Quantity, Price) VALUES (61, 11, 2, 10.00);
INSERT INTO OrderItems (OrderID, ProductID, Quantity, Price) VALUES (62, 12, 3, 15.00);
INSERT INTO OrderItems (OrderID, ProductID, Quantity, Price) VALUES (63, 13, 1, 20.00);
INSERT INTO OrderItems (OrderID, ProductID, Quantity, Price) VALUES (64, 14, 2, 25.00);
INSERT INTO OrderItems (OrderID, ProductID, Quantity, Price) VALUES (65, 15, 3, 30.00);
INSERT INTO OrderItems (OrderID, ProductID, Quantity, Price) VALUES (66, 16, 1, 35.00);
INSERT INTO OrderItems (OrderID, ProductID, Quantity, Price) VALUES (67, 17, 2, 40.00);
INSERT INTO OrderItems (OrderID, ProductID, Quantity, Price) VALUES (68, 18, 3, 45.00);
INSERT INTO OrderItems (OrderID, ProductID, Quantity, Price) VALUES (69, 19, 1, 50.00);
INSERT INTO OrderItems (OrderID, ProductID, Quantity, Price) VALUES (70, 20, 2, 55.00);
INSERT INTO OrderItems (OrderID, ProductID, Quantity, Price) VALUES (71, 21, 3, 10.00);
INSERT INTO OrderItems (OrderID, ProductID, Quantity, Price) VALUES (72, 22, 1, 15.00);
INSERT INTO OrderItems (OrderID, ProductID, Quantity, Price) VALUES (73, 23, 2, 20.00);
INSERT INTO OrderItems (OrderID, ProductID, Quantity, Price) VALUES (74, 24, 3, 25.00);
INSERT INTO OrderItems (OrderID, ProductID, Quantity, Price) VALUES (75, 25, 1, 30.00);
INSERT INTO OrderItems (OrderID, ProductID, Quantity, Price) VALUES (76, 26, 2, 35.00);
INSERT INTO OrderItems (OrderID, ProductID, Quantity, Price) VALUES (77, 27, 3, 40.00);
INSERT INTO OrderItems (OrderID, ProductID, Quantity, Price) VALUES (78, 28, 1, 45.00);
INSERT INTO OrderItems (OrderID, ProductID, Quantity, Price) VALUES (79, 29, 2, 50.00);
INSERT INTO OrderItems (OrderID, ProductID, Quantity, Price) VALUES (80, 30, 3, 55.00);
INSERT INTO OrderItems (OrderID, ProductID, Quantity, Price) VALUES (81, 31, 1, 10.00);
INSERT INTO OrderItems (OrderID, ProductID, Quantity, Price) VALUES (82, 32, 2, 15.00);
INSERT INTO OrderItems (OrderID, ProductID, Quantity, Price) VALUES (83, 33, 3, 20.00);
INSERT INTO OrderItems (OrderID, ProductID, Quantity, Price) VALUES (84, 34, 1, 25.00);
INSERT INTO OrderItems (OrderID, ProductID, Quantity, Price) VALUES (85, 35, 2, 30.00);
INSERT INTO OrderItems (OrderID, ProductID, Quantity, Price) VALUES (86, 36, 3, 35.00);
INSERT INTO OrderItems (OrderID, ProductID, Quantity, Price) VALUES (87, 37, 1, 40.00);
INSERT INTO OrderItems (OrderID, ProductID, Quantity, Price) VALUES (88, 38, 2, 45.00);
INSERT INTO OrderItems (OrderID, ProductID, Quantity, Price) VALUES (89, 39, 3, 50.00);
INSERT INTO OrderItems (OrderID, ProductID, Quantity, Price) VALUES (90, 40, 1, 55.00);
INSERT INTO OrderItems (OrderID, ProductID, Quantity, Price) VALUES (91, 41, 2, 10.00);
INSERT INTO OrderItems (OrderID, ProductID, Quantity, Price) VALUES (92, 42, 3, 15.00);
INSERT INTO OrderItems (OrderID, ProductID, Quantity, Price) VALUES (93, 43, 1, 20.00);
INSERT INTO OrderItems (OrderID, ProductID, Quantity, Price) VALUES (94, 44, 2, 25.00);
INSERT INTO OrderItems (OrderID, ProductID, Quantity, Price) VALUES (95, 45, 3, 30.00);
INSERT INTO OrderItems (OrderID, ProductID, Quantity, Price) VALUES (96, 46, 1, 35.00);
INSERT INTO OrderItems (OrderID, ProductID, Quantity, Price) VALUES (97, 47, 2, 40.00);
INSERT INTO OrderItems (OrderID, ProductID, Quantity, Price) VALUES (98, 48, 3, 45.00);
INSERT INTO OrderItems (OrderID, ProductID, Quantity, Price) VALUES (99, 49, 1, 50.00);
INSERT INTO OrderItems (OrderID, ProductID, Quantity, Price) VALUES (100, 50, 2, 55.00);
INSERT INTO OrderItems (OrderID, ProductID, Quantity, Price) VALUES (1, 1, 3, 10.00);

select * from orderItems;

-- Payments
INSERT INTO Payments (OrderID, PaymentMode, PaymentStatus, PaidAt) VALUES (1, 'UPI', 'Paid', SYSDATE);
INSERT INTO Payments (OrderID, PaymentMode, PaymentStatus, PaidAt) VALUES (2, 'UPI', 'Paid', SYSDATE);
INSERT INTO Payments (OrderID, PaymentMode, PaymentStatus, PaidAt) VALUES (3, 'UPI', 'Paid', SYSDATE);
INSERT INTO Payments (OrderID, PaymentMode, PaymentStatus, PaidAt) VALUES (4, 'UPI', 'Paid', SYSDATE);
INSERT INTO Payments (OrderID, PaymentMode, PaymentStatus, PaidAt) VALUES (5, 'UPI', 'Paid', SYSDATE);
INSERT INTO Payments (OrderID, PaymentMode, PaymentStatus, PaidAt) VALUES (6, 'UPI', 'Paid', SYSDATE);
INSERT INTO Payments (OrderID, PaymentMode, PaymentStatus, PaidAt) VALUES (7, 'UPI', 'Paid', SYSDATE);
INSERT INTO Payments (OrderID, PaymentMode, PaymentStatus, PaidAt) VALUES (8, 'UPI', 'Paid', SYSDATE);
INSERT INTO Payments (OrderID, PaymentMode, PaymentStatus, PaidAt) VALUES (9, 'UPI', 'Paid', SYSDATE);
INSERT INTO Payments (OrderID, PaymentMode, PaymentStatus, PaidAt) VALUES (10, 'UPI', 'Paid', SYSDATE);
INSERT INTO Payments (OrderID, PaymentMode, PaymentStatus, PaidAt) VALUES (11, 'UPI', 'Paid', SYSDATE);
INSERT INTO Payments (OrderID, PaymentMode, PaymentStatus, PaidAt) VALUES (12, 'UPI', 'Paid', SYSDATE);
INSERT INTO Payments (OrderID, PaymentMode, PaymentStatus, PaidAt) VALUES (13, 'UPI', 'Paid', SYSDATE);
INSERT INTO Payments (OrderID, PaymentMode, PaymentStatus, PaidAt) VALUES (14, 'UPI', 'Paid', SYSDATE);
INSERT INTO Payments (OrderID, PaymentMode, PaymentStatus, PaidAt) VALUES (15, 'UPI', 'Paid', SYSDATE);
INSERT INTO Payments (OrderID, PaymentMode, PaymentStatus, PaidAt) VALUES (16, 'UPI', 'Paid', SYSDATE);
INSERT INTO Payments (OrderID, PaymentMode, PaymentStatus, PaidAt) VALUES (17, 'UPI', 'Paid', SYSDATE);
INSERT INTO Payments (OrderID, PaymentMode, PaymentStatus, PaidAt) VALUES (18, 'UPI', 'Paid', SYSDATE);
INSERT INTO Payments (OrderID, PaymentMode, PaymentStatus, PaidAt) VALUES (19, 'UPI', 'Paid', SYSDATE);
INSERT INTO Payments (OrderID, PaymentMode, PaymentStatus, PaidAt) VALUES (20, 'UPI', 'Paid', SYSDATE);
INSERT INTO Payments (OrderID, PaymentMode, PaymentStatus, PaidAt) VALUES (21, 'UPI', 'Paid', SYSDATE);
INSERT INTO Payments (OrderID, PaymentMode, PaymentStatus, PaidAt) VALUES (22, 'UPI', 'Paid', SYSDATE);
INSERT INTO Payments (OrderID, PaymentMode, PaymentStatus, PaidAt) VALUES (23, 'UPI', 'Paid', SYSDATE);
INSERT INTO Payments (OrderID, PaymentMode, PaymentStatus, PaidAt) VALUES (24, 'UPI', 'Paid', SYSDATE);
INSERT INTO Payments (OrderID, PaymentMode, PaymentStatus, PaidAt) VALUES (25, 'UPI', 'Paid', SYSDATE);
INSERT INTO Payments (OrderID, PaymentMode, PaymentStatus, PaidAt) VALUES (26, 'UPI', 'Paid', SYSDATE);
INSERT INTO Payments (OrderID, PaymentMode, PaymentStatus, PaidAt) VALUES (27, 'UPI', 'Paid', SYSDATE);
INSERT INTO Payments (OrderID, PaymentMode, PaymentStatus, PaidAt) VALUES (28, 'UPI', 'Paid', SYSDATE);
INSERT INTO Payments (OrderID, PaymentMode, PaymentStatus, PaidAt) VALUES (29, 'UPI', 'Paid', SYSDATE);
INSERT INTO Payments (OrderID, PaymentMode, PaymentStatus, PaidAt) VALUES (30, 'UPI', 'Paid', SYSDATE);
INSERT INTO Payments (OrderID, PaymentMode, PaymentStatus, PaidAt) VALUES (31, 'UPI', 'Paid', SYSDATE);
INSERT INTO Payments (OrderID, PaymentMode, PaymentStatus, PaidAt) VALUES (32, 'UPI', 'Paid', SYSDATE);
INSERT INTO Payments (OrderID, PaymentMode, PaymentStatus, PaidAt) VALUES (33, 'UPI', 'Paid', SYSDATE);
INSERT INTO Payments (OrderID, PaymentMode, PaymentStatus, PaidAt) VALUES (34, 'UPI', 'Paid', SYSDATE);
INSERT INTO Payments (OrderID, PaymentMode, PaymentStatus, PaidAt) VALUES (35, 'UPI', 'Paid', SYSDATE);
INSERT INTO Payments (OrderID, PaymentMode, PaymentStatus, PaidAt) VALUES (36, 'UPI', 'Paid', SYSDATE);
INSERT INTO Payments (OrderID, PaymentMode, PaymentStatus, PaidAt) VALUES (37, 'UPI', 'Paid', SYSDATE);
INSERT INTO Payments (OrderID, PaymentMode, PaymentStatus, PaidAt) VALUES (38, 'UPI', 'Paid', SYSDATE);
INSERT INTO Payments (OrderID, PaymentMode, PaymentStatus, PaidAt) VALUES (39, 'UPI', 'Paid', SYSDATE);
INSERT INTO Payments (OrderID, PaymentMode, PaymentStatus, PaidAt) VALUES (40, 'UPI', 'Paid', SYSDATE);
INSERT INTO Payments (OrderID, PaymentMode, PaymentStatus, PaidAt) VALUES (41, 'UPI', 'Paid', SYSDATE);
INSERT INTO Payments (OrderID, PaymentMode, PaymentStatus, PaidAt) VALUES (42, 'UPI', 'Paid', SYSDATE);
INSERT INTO Payments (OrderID, PaymentMode, PaymentStatus, PaidAt) VALUES (43, 'UPI', 'Paid', SYSDATE);
INSERT INTO Payments (OrderID, PaymentMode, PaymentStatus, PaidAt) VALUES (44, 'UPI', 'Paid', SYSDATE);
INSERT INTO Payments (OrderID, PaymentMode, PaymentStatus, PaidAt) VALUES (45, 'UPI', 'Paid', SYSDATE);
INSERT INTO Payments (OrderID, PaymentMode, PaymentStatus, PaidAt) VALUES (46, 'UPI', 'Paid', SYSDATE);
INSERT INTO Payments (OrderID, PaymentMode, PaymentStatus, PaidAt) VALUES (47, 'UPI', 'Paid', SYSDATE);
INSERT INTO Payments (OrderID, PaymentMode, PaymentStatus, PaidAt) VALUES (48, 'UPI', 'Paid', SYSDATE);
INSERT INTO Payments (OrderID, PaymentMode, PaymentStatus, PaidAt) VALUES (49, 'UPI', 'Paid', SYSDATE);
INSERT INTO Payments (OrderID, PaymentMode, PaymentStatus, PaidAt) VALUES (50, 'UPI', 'Paid', SYSDATE);
INSERT INTO Payments (OrderID, PaymentMode, PaymentStatus, PaidAt) VALUES (51, 'UPI', 'Paid', SYSDATE);
INSERT INTO Payments (OrderID, PaymentMode, PaymentStatus, PaidAt) VALUES (52, 'UPI', 'Paid', SYSDATE);
INSERT INTO Payments (OrderID, PaymentMode, PaymentStatus, PaidAt) VALUES (53, 'UPI', 'Paid', SYSDATE);
INSERT INTO Payments (OrderID, PaymentMode, PaymentStatus, PaidAt) VALUES (54, 'UPI', 'Paid', SYSDATE);
INSERT INTO Payments (OrderID, PaymentMode, PaymentStatus, PaidAt) VALUES (55, 'UPI', 'Paid', SYSDATE);
INSERT INTO Payments (OrderID, PaymentMode, PaymentStatus, PaidAt) VALUES (56, 'UPI', 'Paid', SYSDATE);
INSERT INTO Payments (OrderID, PaymentMode, PaymentStatus, PaidAt) VALUES (57, 'UPI', 'Paid', SYSDATE);
INSERT INTO Payments (OrderID, PaymentMode, PaymentStatus, PaidAt) VALUES (58, 'UPI', 'Paid', SYSDATE);
INSERT INTO Payments (OrderID, PaymentMode, PaymentStatus, PaidAt) VALUES (59, 'UPI', 'Paid', SYSDATE);
INSERT INTO Payments (OrderID, PaymentMode, PaymentStatus, PaidAt) VALUES (60, 'UPI', 'Paid', SYSDATE);
INSERT INTO Payments (OrderID, PaymentMode, PaymentStatus, PaidAt) VALUES (61, 'UPI', 'Paid', SYSDATE);
INSERT INTO Payments (OrderID, PaymentMode, PaymentStatus, PaidAt) VALUES (62, 'UPI', 'Paid', SYSDATE);
INSERT INTO Payments (OrderID, PaymentMode, PaymentStatus, PaidAt) VALUES (63, 'UPI', 'Paid', SYSDATE);
INSERT INTO Payments (OrderID, PaymentMode, PaymentStatus, PaidAt) VALUES (64, 'UPI', 'Paid', SYSDATE);
INSERT INTO Payments (OrderID, PaymentMode, PaymentStatus, PaidAt) VALUES (65, 'UPI', 'Paid', SYSDATE);
INSERT INTO Payments (OrderID, PaymentMode, PaymentStatus, PaidAt) VALUES (66, 'UPI', 'Paid', SYSDATE);
INSERT INTO Payments (OrderID, PaymentMode, PaymentStatus, PaidAt) VALUES (67, 'UPI', 'Paid', SYSDATE);
INSERT INTO Payments (OrderID, PaymentMode, PaymentStatus, PaidAt) VALUES (68, 'UPI', 'Paid', SYSDATE);
INSERT INTO Payments (OrderID, PaymentMode, PaymentStatus, PaidAt) VALUES (69, 'UPI', 'Paid', SYSDATE);
INSERT INTO Payments (OrderID, PaymentMode, PaymentStatus, PaidAt) VALUES (70, 'UPI', 'Paid', SYSDATE);
INSERT INTO Payments (OrderID, PaymentMode, PaymentStatus, PaidAt) VALUES (71, 'UPI', 'Paid', SYSDATE);
INSERT INTO Payments (OrderID, PaymentMode, PaymentStatus, PaidAt) VALUES (72, 'UPI', 'Paid', SYSDATE);
INSERT INTO Payments (OrderID, PaymentMode, PaymentStatus, PaidAt) VALUES (73, 'UPI', 'Paid', SYSDATE);
INSERT INTO Payments (OrderID, PaymentMode, PaymentStatus, PaidAt) VALUES (74, 'UPI', 'Paid', SYSDATE);
INSERT INTO Payments (OrderID, PaymentMode, PaymentStatus, PaidAt) VALUES (75, 'UPI', 'Paid', SYSDATE);
INSERT INTO Payments (OrderID, PaymentMode, PaymentStatus, PaidAt) VALUES (76, 'UPI', 'Paid', SYSDATE);
INSERT INTO Payments (OrderID, PaymentMode, PaymentStatus, PaidAt) VALUES (77, 'UPI', 'Paid', SYSDATE);
INSERT INTO Payments (OrderID, PaymentMode, PaymentStatus, PaidAt) VALUES (78, 'UPI', 'Paid', SYSDATE);
INSERT INTO Payments (OrderID, PaymentMode, PaymentStatus, PaidAt) VALUES (79, 'UPI', 'Paid', SYSDATE);
INSERT INTO Payments (OrderID, PaymentMode, PaymentStatus, PaidAt) VALUES (80, 'UPI', 'Paid', SYSDATE);
INSERT INTO Payments (OrderID, PaymentMode, PaymentStatus, PaidAt) VALUES (81, 'UPI', 'Paid', SYSDATE);
INSERT INTO Payments (OrderID, PaymentMode, PaymentStatus, PaidAt) VALUES (82, 'UPI', 'Paid', SYSDATE);
INSERT INTO Payments (OrderID, PaymentMode, PaymentStatus, PaidAt) VALUES (83, 'UPI', 'Paid', SYSDATE);
INSERT INTO Payments (OrderID, PaymentMode, PaymentStatus, PaidAt) VALUES (84, 'UPI', 'Paid', SYSDATE);
INSERT INTO Payments (OrderID, PaymentMode, PaymentStatus, PaidAt) VALUES (85, 'UPI', 'Paid', SYSDATE);
INSERT INTO Payments (OrderID, PaymentMode, PaymentStatus, PaidAt) VALUES (86, 'UPI', 'Paid', SYSDATE);
INSERT INTO Payments (OrderID, PaymentMode, PaymentStatus, PaidAt) VALUES (87, 'UPI', 'Paid', SYSDATE);
INSERT INTO Payments (OrderID, PaymentMode, PaymentStatus, PaidAt) VALUES (88, 'UPI', 'Paid', SYSDATE);
INSERT INTO Payments (OrderID, PaymentMode, PaymentStatus, PaidAt) VALUES (89, 'UPI', 'Paid', SYSDATE);
INSERT INTO Payments (OrderID, PaymentMode, PaymentStatus, PaidAt) VALUES (90, 'UPI', 'Paid', SYSDATE);
INSERT INTO Payments (OrderID, PaymentMode, PaymentStatus, PaidAt) VALUES (91, 'UPI', 'Paid', SYSDATE);
INSERT INTO Payments (OrderID, PaymentMode, PaymentStatus, PaidAt) VALUES (92, 'UPI', 'Paid', SYSDATE);
INSERT INTO Payments (OrderID, PaymentMode, PaymentStatus, PaidAt) VALUES (93, 'UPI', 'Paid', SYSDATE);
INSERT INTO Payments (OrderID, PaymentMode, PaymentStatus, PaidAt) VALUES (94, 'UPI', 'Paid', SYSDATE);
INSERT INTO Payments (OrderID, PaymentMode, PaymentStatus, PaidAt) VALUES (95, 'UPI', 'Paid', SYSDATE);
INSERT INTO Payments (OrderID, PaymentMode, PaymentStatus, PaidAt) VALUES (96, 'UPI', 'Paid', SYSDATE);
INSERT INTO Payments (OrderID, PaymentMode, PaymentStatus, PaidAt) VALUES (97, 'UPI', 'Paid', SYSDATE);
INSERT INTO Payments (OrderID, PaymentMode, PaymentStatus, PaidAt) VALUES (98, 'UPI', 'Paid', SYSDATE);
INSERT INTO Payments (OrderID, PaymentMode, PaymentStatus, PaidAt) VALUES (99, 'UPI', 'Paid', SYSDATE);
INSERT INTO Payments (OrderID, PaymentMode, PaymentStatus, PaidAt) VALUES (100, 'UPI', 'Paid', SYSDATE);

select * from payments;

-- Delivery Partners
INSERT INTO DeliveryPartners (FullName, PhoneNumber) VALUES
('Aman Yadav', '9999999999');
INSERT INTO DeliveryPartners (FullName, PhoneNumber) VALUES
('Sushil Reddy', '8888888888');
INSERT INTO DeliveryPartners (FullName, PhoneNumber) VALUES
('Kiran Mehta', '7777777777');
INSERT INTO DeliveryPartners (FullName, PhoneNumber) VALUES
('Divya Patil', '5454545456');
INSERT INTO DeliveryPartners (FullName, PhoneNumber) VALUES
('Rohit Singh', '9876543210');

select * from deliveryPartners;

-- Status
INSERT INTO Status (StatusName) VALUES ('Assigned');
INSERT INTO Status (StatusName) VALUES ('Picked');
INSERT INTO Status (StatusName) VALUES ('Out for Delivery');
INSERT INTO Status (StatusName) VALUES ('Delivered');
INSERT INTO Status (StatusName) VALUES ('Cancelled');


select * from status;

-- DeliveryStatus
INSERT INTO DeliveryStatus (OrderID, StatusID, UpdatedAt) VALUES (1, 2, SYSDATE);
INSERT INTO DeliveryStatus (OrderID, StatusID, UpdatedAt) VALUES (2, 3, SYSDATE);
INSERT INTO DeliveryStatus (OrderID, StatusID, UpdatedAt) VALUES (3, 4, SYSDATE);
INSERT INTO DeliveryStatus (OrderID, StatusID, UpdatedAt) VALUES (4, 5, SYSDATE);
INSERT INTO DeliveryStatus (OrderID, StatusID, UpdatedAt) VALUES (5, 1, SYSDATE);
INSERT INTO DeliveryStatus (OrderID, StatusID, UpdatedAt) VALUES (6, 2, SYSDATE);
INSERT INTO DeliveryStatus (OrderID, StatusID, UpdatedAt) VALUES (7, 3, SYSDATE);
INSERT INTO DeliveryStatus (OrderID, StatusID, UpdatedAt) VALUES (8, 4, SYSDATE);
INSERT INTO DeliveryStatus (OrderID, StatusID, UpdatedAt) VALUES (9, 5, SYSDATE);
INSERT INTO DeliveryStatus (OrderID, StatusID, UpdatedAt) VALUES (10, 1, SYSDATE);
INSERT INTO DeliveryStatus (OrderID, StatusID, UpdatedAt) VALUES (11, 2, SYSDATE);
INSERT INTO DeliveryStatus (OrderID, StatusID, UpdatedAt) VALUES (12, 3, SYSDATE);
INSERT INTO DeliveryStatus (OrderID, StatusID, UpdatedAt) VALUES (13, 4, SYSDATE);
INSERT INTO DeliveryStatus (OrderID, StatusID, UpdatedAt) VALUES (14, 5, SYSDATE);
INSERT INTO DeliveryStatus (OrderID, StatusID, UpdatedAt) VALUES (15, 1, SYSDATE);
INSERT INTO DeliveryStatus (OrderID, StatusID, UpdatedAt) VALUES (16, 2, SYSDATE);
INSERT INTO DeliveryStatus (OrderID, StatusID, UpdatedAt) VALUES (17, 3, SYSDATE);
INSERT INTO DeliveryStatus (OrderID, StatusID, UpdatedAt) VALUES (18, 4, SYSDATE);
INSERT INTO DeliveryStatus (OrderID, StatusID, UpdatedAt) VALUES (19, 5, SYSDATE);
INSERT INTO DeliveryStatus (OrderID, StatusID, UpdatedAt) VALUES (20, 1, SYSDATE);
INSERT INTO DeliveryStatus (OrderID, StatusID, UpdatedAt) VALUES (21, 2, SYSDATE);
INSERT INTO DeliveryStatus (OrderID, StatusID, UpdatedAt) VALUES (22, 3, SYSDATE);
INSERT INTO DeliveryStatus (OrderID, StatusID, UpdatedAt) VALUES (23, 4, SYSDATE);
INSERT INTO DeliveryStatus (OrderID, StatusID, UpdatedAt) VALUES (24, 5, SYSDATE);
INSERT INTO DeliveryStatus (OrderID, StatusID, UpdatedAt) VALUES (25, 1, SYSDATE);
INSERT INTO DeliveryStatus (OrderID, StatusID, UpdatedAt) VALUES (26, 2, SYSDATE);
INSERT INTO DeliveryStatus (OrderID, StatusID, UpdatedAt) VALUES (27, 3, SYSDATE);
INSERT INTO DeliveryStatus (OrderID, StatusID, UpdatedAt) VALUES (28, 4, SYSDATE);
INSERT INTO DeliveryStatus (OrderID, StatusID, UpdatedAt) VALUES (29, 5, SYSDATE);
INSERT INTO DeliveryStatus (OrderID, StatusID, UpdatedAt) VALUES (30, 1, SYSDATE);
INSERT INTO DeliveryStatus (OrderID, StatusID, UpdatedAt) VALUES (31, 2, SYSDATE);
INSERT INTO DeliveryStatus (OrderID, StatusID, UpdatedAt) VALUES (32, 3, SYSDATE);
INSERT INTO DeliveryStatus (OrderID, StatusID, UpdatedAt) VALUES (33, 4, SYSDATE);
INSERT INTO DeliveryStatus (OrderID, StatusID, UpdatedAt) VALUES (34, 5, SYSDATE);
INSERT INTO DeliveryStatus (OrderID, StatusID, UpdatedAt) VALUES (35, 1, SYSDATE);
INSERT INTO DeliveryStatus (OrderID, StatusID, UpdatedAt) VALUES (36, 2, SYSDATE);
INSERT INTO DeliveryStatus (OrderID, StatusID, UpdatedAt) VALUES (37, 3, SYSDATE);
INSERT INTO DeliveryStatus (OrderID, StatusID, UpdatedAt) VALUES (38, 4, SYSDATE);
INSERT INTO DeliveryStatus (OrderID, StatusID, UpdatedAt) VALUES (39, 5, SYSDATE);
INSERT INTO DeliveryStatus (OrderID, StatusID, UpdatedAt) VALUES (40, 1, SYSDATE);
INSERT INTO DeliveryStatus (OrderID, StatusID, UpdatedAt) VALUES (41, 2, SYSDATE);
INSERT INTO DeliveryStatus (OrderID, StatusID, UpdatedAt) VALUES (42, 3, SYSDATE);
INSERT INTO DeliveryStatus (OrderID, StatusID, UpdatedAt) VALUES (43, 4, SYSDATE);
INSERT INTO DeliveryStatus (OrderID, StatusID, UpdatedAt) VALUES (44, 5, SYSDATE);
INSERT INTO DeliveryStatus (OrderID, StatusID, UpdatedAt) VALUES (45, 1, SYSDATE);
INSERT INTO DeliveryStatus (OrderID, StatusID, UpdatedAt) VALUES (46, 2, SYSDATE);
INSERT INTO DeliveryStatus (OrderID, StatusID, UpdatedAt) VALUES (47, 3, SYSDATE);
INSERT INTO DeliveryStatus (OrderID, StatusID, UpdatedAt) VALUES (48, 4, SYSDATE);
INSERT INTO DeliveryStatus (OrderID, StatusID, UpdatedAt) VALUES (49, 5, SYSDATE);
INSERT INTO DeliveryStatus (OrderID, StatusID, UpdatedAt) VALUES (50, 1, SYSDATE);
INSERT INTO DeliveryStatus (OrderID, StatusID, UpdatedAt) VALUES (51, 2, SYSDATE);
INSERT INTO DeliveryStatus (OrderID, StatusID, UpdatedAt) VALUES (52, 3, SYSDATE);
INSERT INTO DeliveryStatus (OrderID, StatusID, UpdatedAt) VALUES (53, 4, SYSDATE);
INSERT INTO DeliveryStatus (OrderID, StatusID, UpdatedAt) VALUES (54, 5, SYSDATE);
INSERT INTO DeliveryStatus (OrderID, StatusID, UpdatedAt) VALUES (55, 1, SYSDATE);
INSERT INTO DeliveryStatus (OrderID, StatusID, UpdatedAt) VALUES (56, 2, SYSDATE);
INSERT INTO DeliveryStatus (OrderID, StatusID, UpdatedAt) VALUES (57, 3, SYSDATE);
INSERT INTO DeliveryStatus (OrderID, StatusID, UpdatedAt) VALUES (58, 4, SYSDATE);
INSERT INTO DeliveryStatus (OrderID, StatusID, UpdatedAt) VALUES (59, 5, SYSDATE);
INSERT INTO DeliveryStatus (OrderID, StatusID, UpdatedAt) VALUES (60, 1, SYSDATE);
INSERT INTO DeliveryStatus (OrderID, StatusID, UpdatedAt) VALUES (61, 2, SYSDATE);
INSERT INTO DeliveryStatus (OrderID, StatusID, UpdatedAt) VALUES (62, 3, SYSDATE);
INSERT INTO DeliveryStatus (OrderID, StatusID, UpdatedAt) VALUES (63, 4, SYSDATE);
INSERT INTO DeliveryStatus (OrderID, StatusID, UpdatedAt) VALUES (64, 5, SYSDATE);
INSERT INTO DeliveryStatus (OrderID, StatusID, UpdatedAt) VALUES (65, 1, SYSDATE);
INSERT INTO DeliveryStatus (OrderID, StatusID, UpdatedAt) VALUES (66, 2, SYSDATE);
INSERT INTO DeliveryStatus (OrderID, StatusID, UpdatedAt) VALUES (67, 3, SYSDATE);
INSERT INTO DeliveryStatus (OrderID, StatusID, UpdatedAt) VALUES (68, 4, SYSDATE);
INSERT INTO DeliveryStatus (OrderID, StatusID, UpdatedAt) VALUES (69, 5, SYSDATE);
INSERT INTO DeliveryStatus (OrderID, StatusID, UpdatedAt) VALUES (70, 1, SYSDATE);
INSERT INTO DeliveryStatus (OrderID, StatusID, UpdatedAt) VALUES (71, 2, SYSDATE);
INSERT INTO DeliveryStatus (OrderID, StatusID, UpdatedAt) VALUES (72, 3, SYSDATE);
INSERT INTO DeliveryStatus (OrderID, StatusID, UpdatedAt) VALUES (73, 4, SYSDATE);
INSERT INTO DeliveryStatus (OrderID, StatusID, UpdatedAt) VALUES (74, 5, SYSDATE);
INSERT INTO DeliveryStatus (OrderID, StatusID, UpdatedAt) VALUES (75, 1, SYSDATE);
INSERT INTO DeliveryStatus (OrderID, StatusID, UpdatedAt) VALUES (76, 2, SYSDATE);
INSERT INTO DeliveryStatus (OrderID, StatusID, UpdatedAt) VALUES (77, 3, SYSDATE);
INSERT INTO DeliveryStatus (OrderID, StatusID, UpdatedAt) VALUES (78, 4, SYSDATE);
INSERT INTO DeliveryStatus (OrderID, StatusID, UpdatedAt) VALUES (79, 5, SYSDATE);
INSERT INTO DeliveryStatus (OrderID, StatusID, UpdatedAt) VALUES (80, 1, SYSDATE);
INSERT INTO DeliveryStatus (OrderID, StatusID, UpdatedAt) VALUES (81, 2, SYSDATE);
INSERT INTO DeliveryStatus (OrderID, StatusID, UpdatedAt) VALUES (82, 3, SYSDATE);
INSERT INTO DeliveryStatus (OrderID, StatusID, UpdatedAt) VALUES (83, 4, SYSDATE);
INSERT INTO DeliveryStatus (OrderID, StatusID, UpdatedAt) VALUES (84, 5, SYSDATE);
INSERT INTO DeliveryStatus (OrderID, StatusID, UpdatedAt) VALUES (85, 1, SYSDATE);
INSERT INTO DeliveryStatus (OrderID, StatusID, UpdatedAt) VALUES (86, 2, SYSDATE);
INSERT INTO DeliveryStatus (OrderID, StatusID, UpdatedAt) VALUES (87, 3, SYSDATE);
INSERT INTO DeliveryStatus (OrderID, StatusID, UpdatedAt) VALUES (88, 4, SYSDATE);
INSERT INTO DeliveryStatus (OrderID, StatusID, UpdatedAt) VALUES (89, 5, SYSDATE);
INSERT INTO DeliveryStatus (OrderID, StatusID, UpdatedAt) VALUES (90, 1, SYSDATE);
INSERT INTO DeliveryStatus (OrderID, StatusID, UpdatedAt) VALUES (91, 2, SYSDATE);
INSERT INTO DeliveryStatus (OrderID, StatusID, UpdatedAt) VALUES (92, 3, SYSDATE);
INSERT INTO DeliveryStatus (OrderID, StatusID, UpdatedAt) VALUES (93, 4, SYSDATE);
INSERT INTO DeliveryStatus (OrderID, StatusID, UpdatedAt) VALUES (94, 5, SYSDATE);
INSERT INTO DeliveryStatus (OrderID, StatusID, UpdatedAt) VALUES (95, 1, SYSDATE);
INSERT INTO DeliveryStatus (OrderID, StatusID, UpdatedAt) VALUES (96, 2, SYSDATE);
INSERT INTO DeliveryStatus (OrderID, StatusID, UpdatedAt) VALUES (97, 3, SYSDATE);
INSERT INTO DeliveryStatus (OrderID, StatusID, UpdatedAt) VALUES (98, 4, SYSDATE);
INSERT INTO DeliveryStatus (OrderID, StatusID, UpdatedAt) VALUES (99, 5, SYSDATE);
INSERT INTO DeliveryStatus (OrderID, StatusID, UpdatedAt) VALUES (100, 1, SYSDATE);

select * from deliverystatus;

-- Reviews
INSERT INTO Reviews (UserID, ProductID, Rating, "COMMENT", CREATEDAT) VALUES (1001, 2, 2, 'Review comment 1', SYSDATE);
INSERT INTO Reviews (UserID, ProductID, Rating, "COMMENT", CREATEDAT) VALUES (1002, 3, 3, 'Review comment 2', SYSDATE);
INSERT INTO Reviews (UserID, ProductID, Rating, "COMMENT", CREATEDAT) VALUES (1003, 4, 4, 'Review comment 3', SYSDATE);
INSERT INTO Reviews (UserID, ProductID, Rating, "COMMENT", CREATEDAT) VALUES (1004, 5, 5, 'Review comment 4', SYSDATE);
INSERT INTO Reviews (UserID, ProductID, Rating, "COMMENT", CREATEDAT) VALUES (1005, 6, 1, 'Review comment 5', SYSDATE);
INSERT INTO Reviews (UserID, ProductID, Rating, "COMMENT", CREATEDAT) VALUES (1006, 7, 2, 'Review comment 6', SYSDATE);
INSERT INTO Reviews (UserID, ProductID, Rating, "COMMENT", CREATEDAT) VALUES (1007, 8, 3, 'Review comment 7', SYSDATE);
INSERT INTO Reviews (UserID, ProductID, Rating, "COMMENT", CREATEDAT) VALUES (1008, 9, 4, 'Review comment 8', SYSDATE);
INSERT INTO Reviews (UserID, ProductID, Rating, "COMMENT", CREATEDAT) VALUES (1009, 10, 5, 'Review comment 9', SYSDATE);
INSERT INTO Reviews (UserID, ProductID, Rating, "COMMENT", CREATEDAT) VALUES (1000, 11, 1, 'Review comment 10', SYSDATE);
INSERT INTO Reviews (UserID, ProductID, Rating, "COMMENT", CREATEDAT) VALUES (1001, 12, 2, 'Review comment 11', SYSDATE);
INSERT INTO Reviews (UserID, ProductID, Rating, "COMMENT", CREATEDAT) VALUES (1002, 13, 3, 'Review comment 12', SYSDATE);
INSERT INTO Reviews (UserID, ProductID, Rating, "COMMENT", CREATEDAT) VALUES (1003, 14, 4, 'Review comment 13', SYSDATE);
INSERT INTO Reviews (UserID, ProductID, Rating, "COMMENT", CREATEDAT) VALUES (1004, 15, 5, 'Review comment 14', SYSDATE);
INSERT INTO Reviews (UserID, ProductID, Rating, "COMMENT", CREATEDAT) VALUES (1005, 16, 1, 'Review comment 15', SYSDATE);
INSERT INTO Reviews (UserID, ProductID, Rating, "COMMENT", CREATEDAT) VALUES (1006, 17, 2, 'Review comment 16', SYSDATE);
INSERT INTO Reviews (UserID, ProductID, Rating, "COMMENT", CREATEDAT) VALUES (1007, 18, 3, 'Review comment 17', SYSDATE);
INSERT INTO Reviews (UserID, ProductID, Rating, "COMMENT", CREATEDAT) VALUES (1008, 19, 4, 'Review comment 18', SYSDATE);
INSERT INTO Reviews (UserID, ProductID, Rating, "COMMENT", CREATEDAT) VALUES (1009, 20, 5, 'Review comment 19', SYSDATE);
INSERT INTO Reviews (UserID, ProductID, Rating, "COMMENT", CREATEDAT) VALUES (1000, 21, 1, 'Review comment 20', SYSDATE);
INSERT INTO Reviews (UserID, ProductID, Rating, "COMMENT", CREATEDAT) VALUES (1001, 22, 2, 'Review comment 21', SYSDATE);
INSERT INTO Reviews (UserID, ProductID, Rating, "COMMENT", CREATEDAT) VALUES (1002, 23, 3, 'Review comment 22', SYSDATE);
INSERT INTO Reviews (UserID, ProductID, Rating, "COMMENT", CREATEDAT) VALUES (1003, 24, 4, 'Review comment 23', SYSDATE);
INSERT INTO Reviews (UserID, ProductID, Rating, "COMMENT", CREATEDAT) VALUES (1004, 25, 5, 'Review comment 24', SYSDATE);
INSERT INTO Reviews (UserID, ProductID, Rating, "COMMENT", CREATEDAT) VALUES (1005, 26, 1, 'Review comment 25', SYSDATE);
INSERT INTO Reviews (UserID, ProductID, Rating, "COMMENT", CREATEDAT) VALUES (1006, 27, 2, 'Review comment 26', SYSDATE);
INSERT INTO Reviews (UserID, ProductID, Rating, "COMMENT", CREATEDAT) VALUES (1007, 28, 3, 'Review comment 27', SYSDATE);
INSERT INTO Reviews (UserID, ProductID, Rating, "COMMENT", CREATEDAT) VALUES (1008, 29, 4, 'Review comment 28', SYSDATE);
INSERT INTO Reviews (UserID, ProductID, Rating, "COMMENT", CREATEDAT) VALUES (1009, 30, 5, 'Review comment 29', SYSDATE);
INSERT INTO Reviews (UserID, ProductID, Rating, "COMMENT", CREATEDAT) VALUES (1000, 31, 1, 'Review comment 30', SYSDATE);

select * from reviews;